,subreddit,title,url,upvote_ratio,ups,downs,score
0,worldnews,"CIA assesses Ukraine was not targeting a Putin residence in drone attack, contrary to Kremlin claim, sources say",https://www.ctvnews.ca/world/article/cia-assesses-ukraine-was-not-targeting-a-putin-residence-in-drone-attack-contrary-to-kremlin-claim-sources-say/,0.96,23406,0,23406
1,worldnews,"'Welcome back to life' — Ukraine's HUR faked death of top anti-Putin Russian commander, claimed Kremlin bounty money",https://kyivindependent.com/ukraines-hur-faked-death-of-top-anti-putin-russian-commander-claimed-kremlin-bounty-money/,0.96,11948,0,11948
2,worldnews,Russia has asked the U.S. to stop its pursuit of an oil tanker that was heading to Venezuela and is now fleeing the U.S. Coast Guard in the Atlantic Ocea,https://www.reuters.com/world/americas/russia-asks-us-stop-pursuit-fleeing-oil-tanker-ny-times-reports-2026-01-01/,0.96,9360,0,9360
3,worldnews,Wives of Russian soldiers in Ukraine reportedly denied benefits due to records secrecy,https://tvpworld.com/90827197/russian-soldiers-wives-denied-benefits-due-to-secrecy-report,0.97,6872,0,6872
4,worldnews,Denmark becomes first country in world to end letter delivery,https://www.abc.net.au/news/2025-12-31/denmark-postal-service-ends-letter-delivery/106188988,0.95,4907,0,4907
5,worldnews,"Several dead and injured in explosion at Swiss ski resort towm, police say",https://www.theguardian.com/world/2026/jan/01/several-dead-and-injured-in-explosion-swiss-ski-resort-town-crans-montana-police-say,0.97,4387,0,4387
6,worldnews,"Ukraine damages major Russian oil assets in New Year's Eve strikes, military reports",https://kyivindependent.com/ukraine-damages-major-russian-oil-assets-in-new-years-eve-strikes-military-reports/,0.98,4106,0,4106
7,worldnews,US seeks unpaid local interns at Greenland consulate as annexation threats loom,https://www.euractiv.com/news/us-seeks-unpaid-local-interns-at-greenland-consulate-amid-annexation-threats/,0.94,3815,0,3815
8,worldnews,Brazil Supreme Court rejects Bolsonaro request for house arrest on health concerns,https://www.rfi.fr/en/international-news/20260101-brazil-supreme-court-rejects-bolsonaro-request-for-house-arrest-on-health-concerns,0.98,2898,0,2898
9,worldnews,Iran president says Tehran must address people's issues or 'we will end up in hell',https://www.jpost.com/middle-east/iran-news/article-882005,0.97,2621,0,2621
10,worldnews,"In New Year Address, Zelensky Warns World Must Stop Russia’s War or Be Dragged Into It",https://www.kyivpost.com/post/67251,0.97,2207,0,2207
11,worldnews,Danish PM strikes defiant tone on Greenland in New Year’s speech as Trump rehashes annexation plans: ‘we will stand firm’,https://www.yahoo.com/news/articles/danish-pm-strikes-defiant-tone-002754425.html,0.97,1931,0,1931
12,worldnews,Bulgaria adopts the euro,https://www.politico.eu/article/bulgaria-adopts-euro-radev-sofia-end-lev/,0.97,1786,0,1786
13,worldnews,UK stages show of force to Argentina in South Atlantic,https://ukdefencejournal.org.uk/uk-stages-show-of-force-to-argentina-in-south-atlantic/,0.94,1368,0,1368
14,worldnews,"'We want the end of the war — not the end of Ukraine,' Zelensky says in New Year address",https://kyivindependent.com/we-want-the-end-of-the-war-not-the-end-of-ukraine-zelensky-says-in-new-year-address/,0.98,1101,0,1101
15,worldnews,"Putin's New Year speech lauds Russia's war, makes no mention of peace in Ukraine",https://kyivindependent.com/we-believe-in-our-victory-putins-new-year-speech-shows-no-intention-to-end-the-war-in-2026/,0.94,933,0,933
16,worldnews,US military says five killed in strike on alleged drug boats,https://www.bbc.com/news/articles/czdq1ple2l4o,0.92,861,0,861
17,worldnews,Several reported killed in Iran protests over economic woes,https://www.reuters.com/world/middle-east/one-person-killed-iran-protests-over-economic-woes-2026-01-01/,0.95,765,0,765
18,worldnews,Taiwan's president pledges to defend island’s sovereignty after Chinese military drills,https://www.euronews.com/2026/01/01/taiwans-president-pledges-to-defend-islands-sovereignty-after-chinese-military-drills,0.96,749,0,749
19,worldnews,"Ukrainian forces under ‘intense’ pressure in south, as troop shortage bites",https://www.cnn.com/2026/01/01/europe/ukrainian-forces-under-pressure-zaporizhzhia-intl,0.94,691,0,691
20,worldnews,"Qatar, Turkey, Egypt give Hezbollah final chance to disarm",https://www.jpost.com/middle-east/article-882016,0.94,380,0,380
21,worldnews,"China taxes condoms, contraceptive drugs in bid to spur birth rate",https://www.thehindu.com/news/international/china-taxes-condoms-contraceptive-drugs-in-bid-to-spur-birth-rate/article70462667.ece,0.93,302,0,302
22,worldnews,"/r/WorldNews Live Thread: Russian Invasion of Ukraine Day 1408, Part 1 (Thread #1555)",https://www.reddit.com/live/18hnzysb1elcs,0.94,148,0,148
23,worldnews,South Korea offers subsidies for 4.5-day work week in 2026,https://www.hcamag.com/asia/news/general/south-korea-offers-subsidies-for-45-day-work-week/559096,0.96,79,0,79
24,worldnews,City of Macau records lowest number of births in almost half a century with births dropping 20.4% in 2025,https://macaubusiness.com/city-records-lowest-number-of-births-in-almost-half-a-century-in-2025,0.91,73,0,73
